# Juxing glyphlette registry -- one line per issued glyphlette, in cell order.
# Written by `juxing.py issue`. Cells are permanent: never renumber or delete lines.
# A retired cell (`juxing.py retire`) keeps its line, with '-' for the glyphlette, and is
# given to the next glyphlette issued.
# id = cell number (sheet = id // 1024, row-major within the sheet)
#id	glyphlette	box_x	box_y	exemplar
0	氵@7x15	0	1	洪
1	亻@5x15	0	1	仔
2	扌@7x15	0	1	扑
3	木@7x15	0	1	朴
4	阝@5x15	10	1	耶
5	月@7x15	0	1	朋
6	忄@5x15	0	1	忖
7	女@7x15	0	1	如
8	辶@15x15/⿺	0	1	巡
9	刂@5x15	10	1	刊
10	糹@7x15	0	1	糾
11	釒@7x15	0	1	欽
12	讠@5x15	0	1	讨
13	火@7x15	0	1	灯
14	訁@7x15	0	1	訃
15	𤣩@7x15	0	1	玳
16	纟@5x15	0	1	红
17	虫@7x15	0	1	虻
18	心@15x7	0	9	忍
19	八@15x9	0	7	穴
20	犭@5x15	0	1	犯
21	钅@7x15	0	1	针
22	石@7x15	0	1	矽
23	力@7x15	8	1	功
24	疒@15x15/⿸	0	1	疗
25	禾@7x15	0	1	和
26	广@15x15/⿸	0	1	唐
27	八@15x7	0	9	穴
28	攵@7x15	8	1	放
29	彳@3x15	0	1	役
30	木@15x7	0	9	亲
31	𠆢@15x5	0	1	企
32	尸@15x15/⿸	0	1	尻
33	𧾷@7x15	0	1	跋
34	⺝@15x11	0	5	肎
35	丷@15x5	0	1	关
36	寸@7x15	8	1	对
37	斤@7x15	8	1	所
38	欠@7x15	8	1	欣
39	爫@15x3	0	1	爲
40	厶@15x5	0	11	县
41	大@15x7	0	1	夸
42	女@15x15	0	1	女
43	車@7x15	0	1	軌
44	又@7x15	8	1	叔
45	衤@7x15	0	1	补
46	𠂇@15x15/⿸	0	1	右
47	冫@3x15	0	1	冯
48	方@9x15	6	1	仿
49	匕@15x15	0	1	匕
50	⺊@15x5	0	1	卢
51	厂@15x15/⿸	0	1	厉
52	貝@15x11	0	5	員
53	女@15x7	0	9	妄
54	古@9x15	6	1	估
55	灬@15x5	0	11	熙
56	木@15x15	0	1	木
57	⺈@15x5	0	1	争
58	巾@15x15	0	1	巾
59	门@15x15/⿵	0	1	闪
60	尸@9x15/⿸	6	1	侷
61	罒@15x3	0	1	罚
62	隹@7x15	8	1	雄
63	巾@7x15	0	1	帕
64	氵@9x15	0	1	氿
65	讠@3x15	0	1	诚
66	氵@5x15	0	1	氾
67	氵@3x15	0	1	汉
68	氵@5x11	0	5	范
69	氵@5x9	0	1	盜
70	氵@3x13	6	1	逤
71	氵@3x11	0	1	塗
72	氵@3x9	4	4	匯
73	氵@3x7	0	1	娑
74	氵@3x5	0	1	鯊
75	阝@3x15	0	1	防
76	亻@3x15	0	1	他
77	亻@3x9	0	1	堡
78	亻@3x7	0	5	褒
79	𤣩@3x15	0	1	琥
80	車@5x9	4	4	匭
81	讠@3x7	6	1	㺆
82	亻@5x9	0	1	凭
83	刂@3x7	12	1	蟍
84	釒@9x15	0	1	釧
85	辶@15x11/⿺	0	1	導
86	辶@9x9/⿺	6	7	旞
87	釒@7x11	0	5	嶔
88	釒@5x15	0	1	鈇
89	釒@3x15	0	1	鏽
90	女@11x9	4	7	佞
91	女@7x7	0	1	努
92	女@5x7	4	9	嬴
93	女@7x5	0	1	駑
94	女@5x15	0	1	奴
95	女@7x9	0	1	怒
96	女@9x15	0	1	奶
97	纟@7x15	0	1	纠
98	纟@5x11	0	5	药
99	纟@5x9	0	1	辔
100	⺝@11x9	4	7	有
101	⺝@7x5	5	8	囿
102	隹@9x13	6	1	進
103	巾@9x15	6	1	帅
104	尸@9x13/⿸	6	1	遅
105	火@5x15	0	1	灶
106	火@9x15	6	1	伙
107	八@15x3	0	13	兵
108	八@5x3	8	5	浻
